{"cameraMode":{"drawMode":0,"name":"Shaded","section":"Shading Mode"},"sceneLighting":false,"audioPlay":false,"sceneViewState":{"showFog":true,"showMaterialUpdate":false,"showSkybox":false,"showFlares":true,"showImageEffects":true,"showParticleSystems":true,"showVisualEffectGraphs":true,"m_FxEnabled":true},"in2DMode":false,"pivot":{"x":0.5877947807312012,"y":0.8378282785415649,"z":0.8833366632461548},"rotation":{"x":-0.09164890646934509,"y":-0.7323712706565857,"z":0.10059228539466858,"w":-0.6672313213348389},"size":0.5586766004562378,"orthographic":false}